idiom_id,base_pie,f1_mean
49,רץ אחרי הזנב של עצמו,0.000823045267489712
19,חצה קו אדום,0.6837444996688669
33,נשאר מאחור,0.7277343537938266
55,שבר שתיקה,0.8221302139752575
20,חתך פינה,0.8979574289698771
2,איבד את הראש,0.9970961768375405
