idiom_id,base_pie,f1_mean
55,שבר שתיקה,0.740746685283914
20,חתך פינה,0.8884665410212756
33,נשאר מאחור,0.9011364679576644
2,איבד את הראש,0.9431084825224663
19,חצה קו אדום,0.9590624479240292
49,רץ אחרי הזנב של עצמו,0.9858287738634897
